problem_id,Value_5,Value_4,Value_1,Value_3,Value_2,Rank_5,Rank_4,Rank_1,Rank_3,Rank_2
5634947029139456_0,1928.65714286,1853.75362319,1311.34435434,1799.96774194,1634.51322751,Python,C#,C++,C,java
5634947029139456_1,1558.58139535,1505.03517588,1007.12413793,1494.05263158,1329.56862745,C#,Python,C++,C,java
5752104073297920_0,1616.92567568,1297.95238095,858.585324232,1263.07692308,1176.64341085,Python,C#,C++,C,java
5766201229705216_0,1564.40571429,1530.54166667,1098.74455733,1357.16216216,1252.952,Python,C,C++,C#,java
5766201229705216_1,1047.13333333,1008.66666667,867.411558669,1004.13095238,898.668539326,C,C#,C++,Python,java
