problem_id,Value_5,Value_4,Value_1,Value_3,Value_2,Rank_5,Rank_4,Rank_1,Rank_3,Rank_2
5708921029263360_0,1935.875,1475.67731629,1115.5204617,1418.69109948,1416.63414634,C,Python,C++,java,C#
5708921029263360_1,529.651515152,511.533333333,358.289617486,471.0,384.571428571,Python,java,C++,C,C#
5744014401732608_0,1423.53846154,1407.95555556,1172.68936496,1343.94502618,1334.41441441,C,C#,C++,Python,java
5744014401732608_1,1334.91666667,1038.86206897,928.13229572,976.241830065,933.983840304,C,C#,Python,java,C++
5753053697277952_0,1887.93103448,1679.31144465,1408.03905766,1661.79874214,1660.43939394,C,Python,C++,java,C#
5753053697277952_1,1844.4137931,1703.17391304,1405.8175,1683.2594697,1661.85714286,C,C#,C++,Python,java
