problem_id,Value_5,Value_4,Value_1,Value_3,Value_2,Rank_5,Rank_4,Rank_1,Rank_3,Rank_2
5634697451274240_0,1669.81191223,1605.17105263,1479.08100147,1537.72093023,1486.20694645,java,C#,Python,C,C++
5634697451274240_1,1664.18611987,1620.2972973,1479.70943953,1540.64285714,1485.83054545,java,C#,Python,C,C++
5636311922769920_0,1672.49386503,1608.55263158,1473.54246575,1545.56097561,1487.52690583,java,C#,Python,C,C++
5636311922769920_1,1513.67647059,1482.74545455,1318.44530046,1365.54285714,1328.91145833,C#,java,Python,C,C++
5652388522229760_0,1662.45398773,1618.28767123,1480.68990043,1558.17391304,1485.70491803,java,C#,Python,C,C++
5652388522229760_1,1660.22324159,1618.28767123,1478.73466476,1577.80851064,1486.27462687,java,C#,Python,C,C++
5738606668808192_0,1629.22047244,1612.01333333,1480.45742092,1537.28205128,1494.9535473,java,C#,Python,C,C++
5738606668808192_1,1637.46052632,1631.21148825,1443.76132075,1498.97058824,1484.68527316,C#,java,C++,C,Python
