problem_id,Value_5,Value_4,Value_1,Value_3,Value_2,Rank_5,Rank_4,Rank_1,Rank_3,Rank_2
2749486_0,1886.24,1778.19047619,1242.34235552,1649.37534247,1632.48,C#,C,C++,java,Python
2749486_1,1462.5,1023.8,698.23255814,978.5,735.125,C,Python,C++,C#,java
2751486_0,1914.69047619,1701.6939759,1273.23348899,1696.33240223,1649.32,C#,java,C++,Python,C
2751486_1,1295.16666667,1210.74418605,964.306759099,1162.85238095,968.176100629,C#,C,C++,java,Python
2755486_0,1660.13333333,1352.41463415,730.618357488,1300.14583333,1067.30769231,C#,Python,C++,java,C
2755486_1,,542.833333333,50.0,279.5,158.220588235,,java,C,Python,C++
