problem_id,Value_5,Value_4,Value_1,Value_3,Value_2,Rank_5,Rank_4,Rank_1,Rank_3,Rank_2
5658282861527040_0,1672.90666667,1540.92592593,1184.22909346,1486.67295597,1404.11111111,C#,Python,C++,Java,C
5658282861527040_1,1044.625,759.333333333,488.949392713,671.73015873,631.985294118,C#,C,C++,Python,Java
5731331665297408_0,1108.27777778,969.64516129,711.074545455,957.058823529,787.8,C#,Python,C++,Java,C
5731331665297408_1,206.727272727,190.111111111,51.0,148.5,127.888111888,Python,Java,C,C#,C++
5751500831719424_0,1874.8313253,1770.05301205,1345.8005148,1742.27906977,1727.3685567,C#,Python,C++,C,Java
5751500831719424_1,1872.41975309,1793.69975186,1352.13589077,1757.87179487,1734.68668407,C#,Python,C++,C,Java
