problem_id,Value_5,Value_4,Value_1,Value_3,Value_2,Rank_5,Rank_4,Rank_1,Rank_3,Rank_2
1285485_0,686.944444444,537.746478873,362.695488722,506.677419355,401.638888889,C,Python,C++,C#,Java
1285485_1,168.473684211,157.620689655,131.375,136.957264957,131.769230769,Python,Java,C,C++,C#
1483485_0,1632.60204082,1578.74749499,1437.21119593,1527.24087591,1496.23809524,C,Java,Python,C++,C#
1483488_0,1576.0,1536.63043478,1474.66761364,1519.84383562,1504.80314961,Java,C,Python,C++,C#
1483488_1,1576.95694716,1524.13541667,1465.88724036,1523.58231293,1504.03125,Java,C,Python,C++,C#
1595491_0,1590.00952381,1588.88955823,1470.22191011,1521.3037448,1513.856,C,Java,Python,C++,C#
1595491_1,1600.58653846,1584.19361277,1474.20224719,1524.04163775,1505.61111111,C,Java,Python,C++,C#
