problem_id,Value_5,Value_4,Value_1,Value_3,Value_2,Rank_5,Rank_4,Rank_1,Rank_3,Rank_2
5639104758808576_0,1687.88095238,1577.12857143,1491.88454376,1557.78450363,1539.28070175,C,C#,C++,Python,Java
5639104758808576_1,1658.06976744,1577.12857143,1490.52889994,1546.64233577,1531.24411765,C,C#,C++,Python,Java
5658571765186560_0,1652.51282051,1468.18965517,1322.13531915,1460.2078853,1428.62349398,C,C#,C++,Java,Python
5658571765186560_1,1615.53333333,1383.23076923,1098.14354067,1290.03686636,1223.52226721,C,C#,C++,Java,Python
5670465267826688_0,1689.63157895,1553.609375,1493.29733085,1516.18373494,1510.11197917,C,C#,C++,Java,Python
5670465267826688_1,1642.3030303,1455.75438596,1337.14615385,1416.73353293,1339.11249087,C,C#,Java,Python,C++
5686275109552128_0,1587.07352941,1549.06451613,1472.63449564,1508.31398417,1478.96396396,C#,C,C++,Python,Java
5686275109552128_1,1492.21428571,1406.02018843,1207.15555556,1357.89568345,1278.38790036,C,C++,C#,Java,Python
