problem_id,Value_5,Value_4,Value_1,Value_3,Value_2,Rank_5,Rank_4,Rank_1,Rank_3,Rank_2
5640146288377856_0,1694.60759494,1635.70588235,1432.57152188,1606.3475,1508.68929504,C#,C,C++,java,Python
5640146288377856_1,1692.07792208,1600.42424242,1403.17037037,1600.13367609,1468.75136612,C#,C,C++,java,Python
5646553574277120_0,1424.7755102,1333.55172414,1148.85490196,1280.76995305,1205.42978723,C#,C,C++,java,Python
5646553574277120_1,856.6,549.018181818,414.428571429,524.897058824,507.33974359,C#,java,C,Python,C++
5708284669460480_0,1415.36734694,1369.36213992,1187.80820611,1307.21097046,1192.17857143,C#,java,C++,Python,C
5708284669460480_1,804.6,701.623188406,541.818181818,620.315789474,591.837628866,C#,java,C,Python,C++
