problem_id,Value_5,Value_4,Value_1,Value_3,Value_2,Rank_5,Rank_4,Rank_1,Rank_3,Rank_2
2692487_0,1807.28333333,1671.66022099,1424.61244609,1663.03818616,1640.11904762,C,Python,C++,java,C#
2692487_1,1831.53448276,1707.50144092,1427.02922886,1675.05569007,1640.11904762,C,Python,C++,java,C#
2700486_0,1130.0,1100.48587571,895.980148883,1067.73529412,950.568047337,C,Python,C++,C#,java
2700486_1,478.816901408,360.394366197,266.083333333,339.586894587,308.0,Python,java,C#,C++,C
2705486_0,1004.34782609,787.7625,630.307692308,745.285714286,740.269879518,Python,java,C#,C,C++
2705486_1,357.375,345.151515152,75.0,318.236263736,190.857142857,Python,java,C,C++,C#
