problem_id,Value_5,Value_4,Value_1,Value_3,Value_2,Rank_5,Rank_4,Rank_1,Rank_3,Rank_2
2449486_0,1804.70930233,1527.40364583,1320.94666667,1492.98156682,1490.23268698,C,C++,C#,java,Python
2449486_1,1814.23255814,1529.12451108,1320.94666667,1491.19770115,1485.775,C,C++,C#,java,Python
2453486_0,1876.47674419,1527.72526042,1333.7972973,1502.57276995,1483.09234828,C,C++,C#,java,Python
2453486_1,1897.50588235,1529.73629243,1333.18918919,1501.44755245,1474.27105263,C,C++,C#,java,Python
2458486_0,1081.7,1062.67647059,853.024096386,925.290123457,911.932330827,C,C#,C++,java,Python
2458486_1,1120.0,416.952380952,238.75,395.681818182,307.175925926,C,java,C#,Python,C++
2463486_0,1904.22857143,1561.21947674,1371.09210526,1468.06708595,1418.37393162,C,C++,C#,java,Python
2463486_1,1933.07692308,1560.82525698,1375.17073171,1476.61506276,1430.47222222,C,C++,C#,java,Python
