problem_id,Value_5,Value_4,Value_1,Value_3,Value_2,Rank_5,Rank_4,Rank_1,Rank_3,Rank_2
5658068650033152_0,1260.72727273,1203.88888889,740.4375,1160.56666667,1065.70940171,C,Python,C++,C#,Java
5658068650033152_1,612.857142857,542.25,273.913043478,454.692307692,424.666666667,C#,Python,C++,Java,C
5669245564223488_0,1204.04651163,1096.96370968,957.460743802,1070.41666667,1059.06511628,C#,Python,C++,C,Java
5669245564223488_1,497.642857143,474.01980198,394.230352304,427.25,418.169230769,C#,Python,C++,C,Java
5706278382862336_0,1920.14285714,1742.26086957,1371.92969871,1615.77377892,1592.99608611,C,C#,C++,Java,Python
5706278382862336_1,1913.05813953,1761.37078652,1373.99855491,1626.90649351,1595.38582677,C,C#,C++,Java,Python
