problem_id,Value_5,Value_4,Value_1,Value_3,Value_2,Rank_5,Rank_4,Rank_1,Rank_3,Rank_2
5634947029139456_0,1928.65714286,1853.75362319,1309.33856784,1799.96774194,1637.13793103,Python,C#,C++,C,Java
5634947029139456_1,1558.58139535,1505.03517588,1005.96357329,1494.05263158,1332.26377953,C#,Python,C++,C,Java
5752104073297920_0,1627.17687075,1297.95238095,856.373927959,1263.07692308,1176.64341085,Python,C#,C++,C,Java
5766201229705216_0,1564.40571429,1530.54166667,1097.70781592,1357.16216216,1255.3935743,Python,C,C++,C#,Java
5766201229705216_1,1047.13333333,1008.66666667,866.165784832,1004.13095238,900.101694915,C,C#,C++,Python,Java
