problem_id,Value_5,Value_4,Value_1,Value_3,Value_2,Rank_5,Rank_4,Rank_1,Rank_3,Rank_2
5644738749267968_0,1449.02,1413.7751938,1266.56135987,1376.51068884,1328.36363636,C,java,C++,Python,C#
5644738749267968_1,1402.93877551,1396.01842105,1250.73484848,1368.71599045,1314.04597701,C,java,C++,Python,C#
5690574640250880_0,1560.27631579,1490.3409611,1462.51515152,1482.8097561,1465.68965517,C,Python,C#,java,C++
5690574640250880_1,1404.203125,1347.54651163,1307.4375,1331.8501249,1328.40350877,C,C#,Python,C++,java
5709773144064000_0,1647.65277778,1548.08314088,1471.09090909,1508.15317287,1481.34910394,C,java,C#,Python,C++
5709773144064000_1,1636.91549296,1550.04245283,1466.14,1504.64444444,1479.99638989,C,java,C#,Python,C++
5756407898963968_0,1639.42253521,1550.16861827,1480.51082251,1504.93404255,1485.07,C,java,C++,Python,C#
