problem_id,Value_5,Value_4,Value_1,Value_3,Value_2,Rank_5,Rank_4,Rank_1,Rank_3,Rank_2
1482492_0,1117.16393443,1109.32692308,738.155015198,960.642857143,875.52173913,java,Python,C++,C,C#
1482492_1,1167.34615385,779.0,378.5,714.19047619,552.697478992,Python,C#,C,java,C++
1485490_0,1283.60869565,1147.12727273,831.054878049,1107.90909091,1032.19161677,C,Python,C++,C#,java
1485490_1,762.0,368.962962963,269.666666667,347.405405405,294.615079365,C#,Python,C,java,C++
1674486_0,1898.13924051,1786.12048193,1313.13226453,1708.44747899,1654.33870968,C,Python,C++,java,C#
1674486_1,1655.88888889,1450.424,1142.6389313,1402.57575758,1381.99086758,C,java,C++,C#,Python
