problem_id,Value_5,Value_4,Value_1,Value_3,Value_2,Rank_5,Rank_4,Rank_1,Rank_3,Rank_2
5640146288377856_0,1694.60759494,1635.70588235,1433.30474934,1602.23989899,1505.38421053,C#,C,C++,Java,Python
5640146288377856_1,1692.07792208,1600.42424242,1403.62653061,1595.84415584,1464.96143251,C#,C,C++,Java,Python
5646553574277120_0,1424.7755102,1333.55172414,1150.87128713,1274.50943396,1210.1965812,C#,C,C++,Java,Python
5646553574277120_1,856.6,549.018181818,414.428571429,531.388059701,508.669902913,C#,Java,C,Python,C++
5708284669460480_0,1415.36734694,1363.58091286,1186.8044316,1299.26068376,1192.17857143,C#,Java,C++,Python,C
5708284669460480_1,804.6,701.623188406,541.818181818,596.310810811,591.104166667,C#,Java,C,Python,C++
