problem_id,Value_5,Value_4,Value_1,Value_3,Value_2,Rank_5,Rank_4,Rank_1,Rank_3,Rank_2
2464487_0,1839.43283582,1826.73214286,1407.04585538,1646.88493724,1424.39524175,C#,C,Python,java,C++
2464487_1,1679.43137255,1653.87878788,1204.70234455,1405.46666667,1297.95035461,C#,C,C++,java,Python
2645486_0,1662.55555556,1620.82102273,1281.10177936,1602.68421053,1458.21587302,C#,java,C++,C,Python
2645486_1,1321.64705882,1269.79775281,573.769230769,768.222222222,681.040084388,C#,java,C,Python,C++
2652486_0,1657.25,1591.75,963.463615023,1233.80681818,1170.67597765,C#,C,C++,java,Python
2652486_1,2109.875,1504.88888889,838.334841629,1344.54901961,1131.88135593,C#,C,C++,java,Python
