problem_id,Value_5,Value_4,Value_1,Value_3,Value_2,Rank_5,Rank_4,Rank_1,Rank_3,Rank_2
5634697451274240_0,1671.67192429,1611.21333333,1475.08469539,1537.72093023,1485.88273853,Java,C#,Python,C,C++
5634697451274240_1,1666.02222222,1626.71232877,1475.71279762,1540.64285714,1485.50219619,Java,C#,Python,C,C++
5636311922769920_0,1674.33024691,1614.64,1469.78176796,1545.56097561,1487.20090293,Java,C#,Python,C,C++
5636311922769920_1,1519.07462687,1483.53479853,1317.04341085,1365.54285714,1328.52797203,C#,Java,Python,C,C++
5652388522229760_0,1664.22839506,1624.76388889,1476.84505022,1558.17391304,1485.57796102,Java,C#,Python,C,C++
5652388522229760_1,1661.97846154,1624.76388889,1474.8618705,1577.80851064,1486.1509009,Java,C#,Python,C,C++
5738606668808192_0,1630.56200528,1618.22972973,1475.60858896,1537.28205128,1495.71003401,Java,C#,Python,C,C++
5738606668808192_1,1643.93333333,1633.63874346,1444.21768061,1498.97058824,1479.98802395,C#,Java,C++,C,Python
