problem_id,Value_5,Value_4,Value_1,Value_3,Value_2,Rank_5,Rank_4,Rank_1,Rank_3,Rank_2
1482492_0,1117.16393443,1109.32692308,739.779141104,960.642857143,875.52173913,Java,Python,C++,C,C#
1482492_1,1167.34615385,779.0,378.5,714.19047619,548.449152542,Python,C#,C,Java,C++
1485490_0,1283.60869565,1147.12727273,833.11505508,1107.90909091,1032.19161677,C,Python,C++,C#,Java
1485490_1,762.0,368.962962963,269.666666667,347.405405405,295.404,C#,Python,C,Java,C++
1674486_0,1898.13924051,1786.12048193,1313.31229013,1706.42105263,1654.33870968,C,Python,C++,Java,C#
1674486_1,1655.88888889,1447.16042781,1144.24386503,1402.57575758,1381.99086758,C,Java,C++,C#,Python
