problem_id,Value_5,Value_4,Value_1,Value_3,Value_2,Rank_5,Rank_4,Rank_1,Rank_3,Rank_2
5630113748090880_0,2221.85294118,1823.35078534,1300.37957611,1792.2166302,1749.86538462,C,Java,C++,Python,C#
5630113748090880_1,2240.72727273,1831.94459103,1304.92240803,1801.40089087,1761.8627451,C,Java,C++,Python,C#
5631572862566400_0,1927.42857143,1497.00990099,1030.53634277,1446.12109375,1370.5,C,Python,C++,Java,C#
5631572862566400_1,973.8,861.295774648,638.141216992,847.555555556,796.135135135,C,Python,C++,C#,Java
5631989306621952_0,2145.79411765,1814.395,1312.46861129,1765.0,1716.92727273,C,Java,C++,Python,C#
5631989306621952_1,2145.79411765,1814.395,1312.12618897,1769.40899796,1716.92727273,C,Java,C++,Python,C#
