problem_id,Value_5,Value_4,Value_1,Value_3,Value_2,Rank_5,Rank_4,Rank_1,Rank_3,Rank_2
1480492_0,992.625,617.555555556,170.0,415.316176471,357.428571429,Python,Java,C,C++,C#
1480492_1,,38.6666666667,14.0,23.0,16.8181818182,,Python,C#,Java,C++
1482494_0,1657.43820225,1563.95255474,1155.71017871,1521.46315789,1434.27390181,C,Python,C++,C#,Java
1482494_1,1153.796875,1151.98076923,796.815789474,1030.33587786,992.134969325,C#,C,C++,Java,Python
1673486_0,1789.61764706,1729.6377709,1342.30027739,1640.97058824,1615.39953811,C,Python,C++,C#,Java
1673486_1,1787.26804124,1627.82978723,1308.59055118,1623.77470356,1573.28140704,C,C#,C++,Python,Java
