problem_id,Value_5,Value_4,Value_1,Value_3,Value_2,Rank_5,Rank_4,Rank_1,Rank_3,Rank_2
1480487_0,1915.32967033,1846.73469388,1338.97483871,1602.20565553,1558.46979866,C,C#,C++,Java,Python
1480487_1,1811.625,1720.03571429,1260.76049553,1538.76536313,1474.572,C,C#,C++,Java,Python
1484496_0,1775.10526316,1663.62962963,1151.72628952,1500.29268293,1377.62348178,C,C#,C++,Python,Java
1484496_1,1428.5,740.333333333,501.86,582.742857143,572.310344828,C,C#,Python,C++,Java
1485488_0,817.065217391,727.272727273,488.394477318,681.0,548.754716981,Python,C,C++,C#,Java
1485488_1,510.939393939,510.1,341.769230769,422.25,384.802325581,Python,C#,C++,C,Java
