problem_id,Value_5,Value_4,Value_1,Value_3,Value_2,Rank_5,Rank_4,Rank_1,Rank_3,Rank_2
2449486_0,1804.70930233,1526.32897319,1320.94666667,1494.01388889,1492.98156682,C,C++,C#,Python,Java
2449486_1,1814.23255814,1528.05631958,1320.94666667,1491.19770115,1489.55431755,C,C++,C#,Java,Python
2453486_0,1876.47674419,1526.7565445,1333.7972973,1502.57276995,1486.67460317,C,C++,C#,Java,Python
2453486_1,1897.50588235,1528.77559055,1333.18918919,1501.44755245,1477.82058047,C,C++,C#,Java,Python
2458486_0,1081.7,1062.67647059,855.675302245,925.290123457,911.932330827,C,C#,C++,Java,Python
2458486_1,1120.0,416.952380952,238.75,395.681818182,309.654205607,C,Java,C#,Python,C++
2463486_0,1904.22857143,1561.4514244,1371.09210526,1468.06708595,1417.55150215,C,C++,C#,Java,Python
2463486_1,1933.07692308,1560.98082596,1375.17073171,1476.61506276,1429.64301075,C,C++,C#,Java,Python
