problem_id,Value_5,Value_4,Value_1,Value_3,Value_2,Rank_5,Rank_4,Rank_1,Rank_3,Rank_2
5708921029263360_0,1935.875,1475.67731629,1117.91446674,1418.69109948,1416.63414634,C,Python,C++,Java,C#
5708921029263360_1,536.046153846,511.533333333,358.289617486,471.0,384.571428571,Python,Java,C++,C,C#
5744014401732608_0,1423.53846154,1364.09302326,1173.19180201,1345.07631579,1334.41441441,C,C#,C++,Python,Java
5744014401732608_1,1334.91666667,1038.86206897,931.3125,976.241830065,933.578846154,C,C#,Python,Java,C++
5753053697277952_0,1887.93103448,1683.8358209,1408.60401003,1681.38418079,1661.79874214,C,C#,C++,Python,Java
5753053697277952_1,1844.4137931,1685.36692015,1406.36323437,1683.8358209,1661.85714286,C,Python,C++,C#,Java
