problem_id,Value_5,Value_4,Value_1,Value_3,Value_2,Rank_5,Rank_4,Rank_1,Rank_3,Rank_2
5765824346324992_0,1846.61538462,1839.890625,1263.93054702,1803.32249322,1772.63157895,C,C#,C++,java,Python
5765824346324992_1,1274.90625,1097.6,879.207184628,999.1,934.857142857,C#,java,C++,Python,C
6377668744314880_0,1169.40740741,1095.09677419,786.071794872,1092.45,1090.81818182,Python,java,C++,C#,C
6377668744314880_1,362.266666667,353.0,221.448275862,266.333333333,222.462837838,Python,C#,java,C,C++
6404600001200128_0,1916.075,1899.93846154,1279.45982695,1836.35492228,1797.58438287,C,C#,C++,java,Python
6404600001200128_1,1916.075,1899.93846154,1273.16562889,1832.81770833,1786.52926209,C,C#,C++,java,Python
