problem_id,Value_5,Value_4,Value_1,Value_3,Value_2,Rank_5,Rank_4,Rank_1,Rank_3,Rank_2
1285485_0,686.944444444,537.746478873,363.514925373,506.677419355,401.638888889,C,Python,C++,C#,java
1285485_1,168.473684211,157.620689655,131.375,136.957264957,131.769230769,Python,java,C,C++,C#
1483485_0,1632.60204082,1581.03193613,1441.16243655,1526.20072727,1496.23809524,C,java,Python,C++,C#
1483488_0,1578.2417154,1536.63043478,1478.97167139,1518.89283276,1504.80314961,java,C,Python,C++,C#
1483488_1,1579.19493177,1524.13541667,1470.40828402,1522.62508475,1504.03125,java,C,Python,C++,C#
1595491_0,1591.138,1590.00952381,1474.49019608,1520.33586731,1513.856,java,C,Python,C++,C#
1595491_1,1600.58653846,1586.4473161,1478.45938375,1523.06362379,1505.61111111,C,java,Python,C++,C#
