problem_id,Value_5,Value_4,Value_1,Value_3,Value_2,Rank_5,Rank_4,Rank_1,Rank_3,Rank_2
2692487_0,1807.28333333,1670.68144044,1424.26361386,1666.75059952,1640.11904762,C,Python,C++,Java,C#
2692487_1,1831.53448276,1706.58381503,1426.68769519,1678.88077859,1640.11904762,C,Python,C++,Java,C#
2700486_0,1120.0,1096.57714286,894.490636704,1067.73529412,951.305389222,C,Python,C++,C#,Java
2700486_1,478.816901408,359.1,266.083333333,338.502857143,308.0,Python,Java,C#,C++,C
2705486_0,1004.34782609,787.7625,630.307692308,745.285714286,741.623188406,Python,Java,C#,C,C++
2705486_1,357.375,345.151515152,75.0,319.0,190.857142857,Python,Java,C,C++,C#
