problem_id,Value_5,Value_4,Value_1,Value_3,Value_2,Rank_5,Rank_4,Rank_1,Rank_3,Rank_2
5630113748090880_0,2221.85294118,1823.35078534,1303.9180432,1789.21615721,1749.86538462,C,java,C++,Python,C#
5630113748090880_1,2240.72727273,1831.94459103,1308.78278146,1798.32666667,1761.8627451,C,java,C++,Python,C#
5631572862566400_0,1927.42857143,1493.46052632,1033.20318423,1446.32684825,1370.5,C,Python,C++,java,C#
5631572862566400_1,973.8,858.195804196,639.912200684,847.555555556,796.135135135,C,Python,C++,C#,java
5631989306621952_0,2145.79411765,1814.395,1315.27084639,1765.0,1716.92727273,C,java,C++,Python,C#
5631989306621952_1,2145.79411765,1814.395,1314.9322884,1769.40899796,1716.92727273,C,java,C++,Python,C#
