problem_id,Value_5,Value_4,Value_1,Value_3,Value_2,Rank_5,Rank_4,Rank_1,Rank_3,Rank_2
5662291475300352_0,1135.875,1112.83333333,942.718446602,1084.59292035,1055.46774194,C#,C,C++,java,Python
5662291475300352_1,891.0,755.1875,328.828125,728.0,431.451612903,C#,Python,C++,C,java
5688567749672960_0,1896.22222222,1588.71339564,1449.05005624,1551.62264151,1515.878125,C,java,C++,C#,Python
5688567749672960_1,1085.44444444,1053.125,816.481371088,1006.88392857,873.131386861,C,C#,C++,java,Python
5769900270288896_0,1871.6,1557.04347826,1330.27537129,1477.82051282,1474.01694915,C,C#,C++,java,Python
5769900270288896_1,1184.33333333,624.016129032,593.247619048,611.74137931,609.888888889,C,Python,C++,java,C#
