problem_id,Value_5,Value_4,Value_1,Value_3,Value_2,Rank_5,Rank_4,Rank_1,Rank_3,Rank_2
5658282861527040_0,1669.42105263,1541.93538462,1186.30006978,1486.2875,1404.11111111,C#,Python,C++,java,C
5658282861527040_1,1044.625,759.333333333,489.766129032,671.73015873,636.260869565,C#,C,C++,Python,java
5731331665297408_0,1108.27777778,969.64516129,712.415162455,957.058823529,787.8,C#,Python,C++,java,C
5731331665297408_1,206.727272727,190.111111111,51.0,148.5,127.888111888,Python,java,C,C#,C++
5751500831719424_0,1869.27380952,1770.29086538,1346.80870122,1742.27906977,1729.13299233,C#,Python,C++,C,java
5751500831719424_1,1866.75609756,1793.88613861,1353.11764706,1757.87179487,1736.41709845,C#,Python,C++,C,java
