problem_id,Value_5,Value_4,Value_1,Value_3,Value_2,Rank_5,Rank_4,Rank_1,Rank_3,Rank_2
5644738749267968_0,1449.02,1414.14248705,1266.20568562,1372.82380952,1324.72413793,C,Java,C++,Python,C#
5644738749267968_1,1402.93877551,1396.34564644,1250.23938879,1364.99282297,1310.19767442,C,Java,C++,Python,C#
5690574640250880_0,1560.27631579,1490.3409611,1460.65306122,1483.32518337,1467.83286119,C,Python,C#,Java,C++
5690574640250880_1,1404.203125,1344.04705882,1307.4375,1333.97569153,1328.56891496,C,C#,Python,C++,Java
5709773144064000_0,1647.65277778,1548.72222222,1469.31632653,1505.04605263,1482.59277978,C,Java,C#,Python,C++
5709773144064000_1,1636.91549296,1550.69976359,1464.33333333,1501.48106904,1481.23927273,C,Java,C#,Python,C++
5756407898963968_0,1639.42253521,1550.82159624,1481.7565407,1501.90618337,1483.45454545,C,Java,C++,Python,C#
