problem_id,Value_5,Value_4,Value_1,Value_3,Value_2,Rank_5,Rank_4,Rank_1,Rank_3,Rank_2
5662291475300352_0,1135.875,1112.83333333,942.328990228,1091.41441441,1047.27642276,C#,C,C++,Java,Python
5662291475300352_1,891.0,755.1875,330.793650794,728.0,436.833333333,C#,Python,C++,C,Java
5688567749672960_0,1896.22222222,1597.50788644,1447.16572077,1551.62264151,1510.6572327,C,Java,C++,C#,Python
5688567749672960_1,1085.44444444,1053.125,815.325825826,1005.6,873.131386861,C,C#,C++,Java,Python
5769900270288896_0,1871.6,1557.04347826,1328.34956305,1486.53531599,1469.10212766,C,C#,C++,Java,Python
5769900270288896_1,1184.33333333,624.016129032,589.410071942,611.74137931,609.888888889,C,Python,C++,Java,C#
