problem_id,Value_5,Value_4,Value_1,Value_3,Value_2,Rank_5,Rank_4,Rank_1,Rank_3,Rank_2
5765824346324992_0,1846.61538462,1839.890625,1264.15975232,1797.86338798,1769.63636364,C,C#,C++,Java,Python
5765824346324992_1,1274.90625,1088.48170732,879.713204373,995.031847134,934.857142857,C#,Java,C++,Python,C
6377668744314880_0,1162.98507463,1095.09677419,787.347466391,1092.45,1090.81818182,Python,Java,C++,C#,C
6377668744314880_1,362.266666667,353.0,220.280821918,266.333333333,221.448275862,Python,C#,C++,C,Java
6404600001200128_0,1916.075,1899.93846154,1279.80635118,1831.39686684,1795.10230179,C,C#,C++,Java,Python
6404600001200128_1,1916.075,1899.93846154,1273.46737767,1827.80577428,1783.8501292,C,C#,C++,Java,Python
