problem_id,Value_5,Value_4,Value_1,Value_3,Value_2,Rank_5,Rank_4,Rank_1,Rank_3,Rank_2
5640146288377856_0,1694.60759494,1635.70588235,1433.24198823,1604.57035176,1512.40314136,C#,C,C++,java,Python
5640146288377856_1,1692.07792208,1600.42424242,1403.82198247,1598.27390181,1472.52876712,C#,C,C++,java,Python
5646553574277120_0,1424.7755102,1333.55172414,1149.64867517,1280.76995305,1210.1965812,C#,C,C++,java,Python
5646553574277120_1,856.6,549.018181818,414.428571429,531.388059701,507.33974359,C#,java,C,Python,C++
5708284669460480_0,1415.36734694,1369.36213992,1188.32026769,1312.36864407,1192.17857143,C#,java,C++,Python,C
5708284669460480_1,804.6,701.623188406,541.818181818,627.386666667,592.488372093,C#,java,C,Python,C++
