problem_id,Value_5,Value_4,Value_1,Value_3,Value_2,Rank_5,Rank_4,Rank_1,Rank_3,Rank_2
5648941810974720_0,1713.46462715,1704.2557377,1372.53424658,1677.54794521,1433.08,Python,Java,C++,C#,C
5648941810974720_1,1718.60541586,1700.54697987,1372.74648787,1677.54794521,1433.08,Python,Java,C++,C#,C
5686313294495744_0,1538.75786164,1368.61032864,1090.84858044,1339.93478261,1330.5,Python,Java,C++,C#,C
5686313294495744_1,617.333333333,604.815384615,374.920745921,588.92,450.25,C,Python,C++,Java,C#
5695413893988352_0,1727.4067086,1680.29655172,1354.27592709,1635.11111111,1471.5,Python,Java,C++,C#,C
5695413893988352_1,987.321428571,985.769230769,759.227777778,984.98013245,918.416666667,C#,C,C++,Python,Java
