problem_id,Value_5,Value_4,Value_1,Value_3,Value_2,Rank_5,Rank_4,Rank_1,Rank_3,Rank_2
1480487_0,1915.32967033,1834.44444444,1339.29177378,1602.07672634,1561.16333333,C,C#,C++,java,Python
1480487_1,1811.625,1707.21176471,1261.42015079,1538.97777778,1478.44444444,C,C#,C++,java,Python
1484496_0,1775.10526316,1644.83636364,1151.05228216,1500.29268293,1379.2248996,C,C#,C++,Python,java
1484496_1,1428.5,740.333333333,501.86,582.742857143,572.310344828,C,C#,Python,C++,java
1485488_0,817.065217391,727.272727273,488.196463654,677.6,548.754716981,Python,C,C++,C#,java
1485488_1,521.0,510.939393939,342.229665072,422.25,384.802325581,C#,Python,C++,C,java
