problem_id,Value_5,Value_4,Value_1,Value_3,Value_2,Rank_5,Rank_4,Rank_1,Rank_3,Rank_2
5639104758808576_0,1687.88095238,1577.12857143,1491.75645756,1554.2294686,1535.60641399,C,C#,C++,Python,java
5639104758808576_1,1658.06976744,1577.12857143,1490.41317734,1543.09708738,1527.57184751,C,C#,C++,Python,java
5658571765186560_0,1652.51282051,1468.18965517,1322.44556962,1455.98928571,1424.59159159,C,C#,C++,java,Python
5658571765186560_1,1615.53333333,1383.23076923,1100.75560803,1285.39908257,1218.93548387,C,C#,C++,java,Python
5670465267826688_0,1689.63157895,1553.609375,1492.45381773,1512.46846847,1506.41298701,C,C#,C++,java,Python
5670465267826688_1,1642.3030303,1455.75438596,1333.09195402,1412.76119403,1339.57163531,C,C#,java,Python,C++
5686275109552128_0,1587.07352941,1549.06451613,1471.84444444,1504.57105263,1475.37125749,C#,C,C++,Python,java
5686275109552128_1,1492.21428571,1405.78866667,1207.15555556,1354.02867384,1274.15957447,C,C++,C#,java,Python
