problem_id,Value_5,Value_4,Value_1,Value_3,Value_2,Rank_5,Rank_4,Rank_1,Rank_3,Rank_2
5648941810974720_0,1713.75572519,1710.56493506,1371.29691358,1678.32,1433.08,Python,java,C++,C#,C
5648941810974720_1,1718.88996139,1707.03986711,1371.47594937,1678.32,1433.08,Python,java,C++,C#,C
5686313294495744_0,1539.78369906,1369.24299065,1087.42084639,1339.93478261,1330.5,Python,java,C++,C#,C
5686313294495744_1,617.333333333,604.815384615,374.156321839,588.92,450.25,C,Python,C++,java,C#
5695413893988352_0,1727.69665272,1687.17406143,1353.18629283,1637.04054054,1471.5,Python,java,C++,C#,C
5695413893988352_1,985.769230769,985.310344828,760.756198347,984.98013245,918.416666667,C,C#,C++,Python,java
