problem_id,Value_5,Value_4,Value_1,Value_3,Value_2,Rank_5,Rank_4,Rank_1,Rank_3,Rank_2
2464487_0,1839.43283582,1826.73214286,1409.17730496,1647.54716981,1420.87567568,C#,C,Python,Java,C++
2464487_1,1679.43137255,1653.87878788,1202.18442623,1405.6657754,1299.50980392,C#,C,C++,Java,Python
2645486_0,1662.55555556,1621.64672365,1277.92406877,1602.68421053,1457.92971246,C#,Java,C++,C,Python
2645486_1,1321.64705882,1269.79775281,573.769230769,768.222222222,681.367303609,C#,Java,C,Python,C++
2652486_0,1657.25,1591.75,964.643109541,1233.80681818,1170.67597765,C#,C,C++,Java,Python
2652486_1,2109.875,1504.88888889,844.068493151,1344.54901961,1131.88135593,C#,C,C++,Java,Python
