problem_id,Value_5,Value_4,Value_1,Value_3,Value_2,Rank_5,Rank_4,Rank_1,Rank_3,Rank_2
2749486_0,1886.24,1778.19047619,1243.42762675,1647.67768595,1629.86956522,C#,C,C++,Java,Python
2749486_1,1462.5,1023.8,698.23255814,978.5,735.125,C,Python,C++,C#,Java
2751486_0,1914.69047619,1698.96350365,1272.46613011,1696.33240223,1649.32,C#,Java,C++,Python,C
2751486_1,1295.16666667,1210.74418605,965.100087032,1154.73557692,968.176100629,C#,C,C++,Java,Python
2755486_0,1660.13333333,1352.41463415,730.732576985,1290.37762238,1067.30769231,C#,Python,C++,Java,C
2755486_1,,542.833333333,50.0,279.5,159.656716418,,Java,C,Python,C++
